day,messages,tool_calls
2025-12-13,523,278
2025-12-14,391,311
2025-12-15,26,18
2025-12-16,85,44
2025-12-18,572,313
2025-12-19,547,72
2025-12-20,669,542
2025-12-21,1080,840
2025-12-22,326,392
2025-12-23,274,692
2025-12-24,255,412
2025-12-25,629,0
2025-12-26,1957,1386
2025-12-27,498,36
2025-12-28,2006,773
2025-12-29,2372,2322
2026-01-20,236,0
2026-01-21,304,139
2026-01-22,189,0
2026-01-23,1341,1028
2026-01-24,369,139
2026-01-25,1230,828
2026-01-27,4549,2886
2026-01-28,5242,2632
2026-01-29,393,788
2026-01-30,374,108
2026-01-31,11136,1224
2026-02-01,25009,3781
2026-02-02,11157,3095
2026-02-03,44855,3955
2026-02-04,24800,2738
2026-02-05,23018,3030
2026-02-06,48570,4402
2026-02-07,39032,2645
2026-02-08,14689,968
2026-02-09,355,99
2026-02-10,6069,923
2026-02-11,3110,500
2026-02-12,3154,716
2026-02-14,14335,761
2026-02-15,27362,2177
2026-02-16,25151,3851
2026-02-17,6012,4315
2026-02-18,9242,2250
2026-02-19,11823,2191
2026-02-20,26799,2990
2026-02-21,38709,2167
2026-02-22,40094,2822
2026-02-23,39456,1986
2026-02-24,15873,2407
2026-02-25,22497,1826
2026-02-26,16521,1886
2026-02-27,8257,1803
2026-02-28,30228,2424
2026-03-01,45210,4548
2026-03-02,59190,6754
2026-03-03,37435,4235
2026-03-04,26597,2933
2026-03-05,127,492
