day,feat,fix,perf,docs,chore,refactor,test,total
2026-02-02,0,0,0,0,0,0,0,0
2026-02-03,21,21,0,6,2,13,0,63
2026-02-04,57,6,0,0,0,2,0,65
2026-02-05,13,0,0,0,0,0,0,13
2026-02-06,457,83,0,12,179,24,0,755
2026-02-07,68,11,0,5,40,0,0,124
2026-02-08,4,10,0,0,10,0,0,24
2026-02-09,0,0,0,0,0,0,0,0
2026-02-10,6,5,0,5,3,0,0,19
2026-02-11,7,2,0,4,2,0,0,15
2026-02-12,18,0,0,2,12,0,0,32
2026-02-14,23,16,0,0,1,1,0,41
2026-02-15,175,36,0,14,111,5,0,341
2026-02-16,193,22,0,18,142,1,0,376
2026-02-17,6,4,0,0,3,0,0,13
2026-02-18,2,7,0,8,14,4,0,35
2026-02-19,32,24,0,0,9,1,0,66
2026-02-20,144,74,25,6,54,3,1,307
2026-02-21,20,96,0,3,0,5,0,124
2026-02-22,25,64,2,1,8,1,0,101
2026-02-23,31,55,0,14,0,2,0,102
2026-02-24,9,30,0,2,2,0,0,43
2026-02-25,3,11,1,5,3,0,0,23
2026-02-26,23,23,0,19,6,1,0,72
2026-02-27,1,9,0,4,0,0,0,14
2026-02-28,13,20,0,4,8,1,0,46
2026-03-01,55,92,0,6,7,7,4,171
2026-03-02,134,170,2,20,61,6,2,395
2026-03-03,32,12,0,17,7,0,0,68
2026-03-04,0,0,0,1,0,0,0,1
2026-03-05,0,0,0,0,0,0,0,0
