date,sessions,user_msgs,assistant_msgs,total_msgs,tool_calls,cat_explore,cat_build,cat_execute,cat_coordinate,cat_mcp,files_read,files_edited,errors,commits,human_ratio
2026-01-31,22,967,1423,2390,906,220,159,348,131,0,72,44,0,2,0.40460251046025103
2026-02-01,14,1946,2770,4716,1800,364,340,924,117,0,169,129,0,36,0.412637828668363
2026-02-02,10,691,994,1685,606,160,77,276,51,0,70,27,0,4,0.4100890207715134
2026-02-03,21,1489,2003,3492,1273,336,183,594,75,0,107,52,0,7,0.42640320733104237
2026-02-04,40,1951,2923,4874,1792,453,303,796,175,0,139,88,0,22,0.40028723840787855
2026-02-05,36,1696,2510,4206,1479,282,205,796,152,0,125,90,0,5,0.4032334759866857
2026-02-06,64,4718,7211,11929,4469,1076,547,2529,152,42,257,176,0,95,0.39550674826054155
2026-02-07,16,1615,2485,4100,1488,257,153,1005,3,18,85,56,0,24,0.39390243902439026
2026-02-08,10,952,1438,2390,872,120,62,671,6,0,45,27,0,8,0.398326359832636
2026-02-09,1,191,284,475,176,29,13,107,15,0,11,5,0,2,0.40210526315789474
2026-02-10,16,824,1191,2015,685,138,67,453,2,2,44,20,0,11,0.4089330024813896
2026-02-11,9,518,833,1351,489,76,50,336,0,0,33,16,0,12,0.38341968911917096
2026-02-12,20,455,653,1108,381,119,48,188,6,0,28,25,0,5,0.41064981949458484
2026-02-14,7,996,1718,2714,871,243,111,475,7,2,98,38,0,15,0.36698599852616065
2026-02-15,35,2905,4428,7333,2742,731,461,1392,17,21,232,202,0,73,0.3961543706532115
2026-02-16,35,3320,5199,8519,3090,852,509,1603,34,4,283,233,0,207,0.3897171029463552
2026-02-17,3,27,25,52,14,0,0,14,0,0,0,0,0,34,0.5192307692307693
2026-02-18,10,1325,2125,3450,1188,265,85,732,39,7,103,41,0,24,0.38405797101449274
2026-02-19,26,1678,2500,4178,1482,246,155,1026,11,5,109,86,0,30,0.4016275730014361
2026-02-20,24,2241,3462,5703,2015,554,252,1056,61,0,196,122,0,46,0.3929510783798001
2026-02-21,20,2825,4223,7048,2584,610,285,1413,79,94,250,144,0,38,0.4008229284903519
2026-02-22,9,2442,3788,6230,2281,742,235,1075,110,23,293,119,0,29,0.3919743178170145
2026-02-23,46,3137,4756,7893,2886,880,290,1375,101,84,209,113,0,22,0.39744077030279995
2026-02-24,20,1055,1602,2657,963,240,116,518,31,18,92,62,0,14,0.3970643582988333
2026-02-25,9,813,1213,2026,724,185,98,353,14,41,51,9,0,8,0.4012833168805528
2026-02-26,12,1445,2191,3636,1357,288,146,825,19,21,123,68,0,19,0.3974147414741474
2026-02-27,13,907,1237,2144,790,137,60,574,1,1,37,16,0,35,0.4230410447761194
2026-02-28,13,2163,3347,5510,2031,245,115,1544,81,46,102,75,0,33,0.3925589836660617
2026-03-01,24,3895,5872,9767,3703,607,240,2720,132,4,174,87,0,41,0.39879185010750484
2026-03-02,310,5698,8195,13893,5230,2735,179,2060,219,37,443,35,0,21,0.4101346001583531
