date,Task Design,Infrastructure,Agent & MCP,Execution,Analysis,Bug Fix,Maintenance,Other
2026-01-31,0,0,0,0,0,0,0,2
2026-02-01,5,10,2,2,3,7,4,3
2026-02-02,0,1,0,0,0,1,1,1
2026-02-03,0,0,1,1,0,4,1,0
2026-02-04,11,0,2,0,0,0,9,0
2026-02-05,2,0,0,0,0,2,1,0
2026-02-06,11,16,1,2,2,6,56,1
2026-02-07,2,2,5,1,0,3,11,0
2026-02-08,0,0,0,4,0,3,1,0
2026-02-09,0,0,0,0,0,1,1,0
2026-02-10,0,1,3,2,2,2,1,0
2026-02-11,0,3,0,1,3,2,3,0
2026-02-12,0,4,1,0,0,0,0,0
2026-02-14,1,0,4,1,0,8,0,1
2026-02-15,12,6,3,0,9,3,39,1
2026-02-16,21,22,3,5,8,13,133,2
2026-02-17,1,18,0,1,1,2,10,1
2026-02-18,2,10,1,0,0,5,4,2
2026-02-19,3,5,2,1,5,7,7,0
2026-02-20,3,8,2,0,4,8,19,2
2026-02-21,1,5,1,1,0,27,0,3
2026-02-22,1,6,1,0,0,19,1,1
2026-02-23,1,6,1,0,1,12,1,0
2026-02-24,1,1,3,0,0,9,0,0
2026-02-25,1,2,0,0,0,2,2,1
2026-02-26,1,0,1,0,5,9,0,3
2026-02-27,4,2,2,15,6,0,0,6
2026-02-28,5,7,1,3,0,15,2,0
2026-03-01,6,1,2,8,3,21,0,0
2026-03-02,1,3,6,1,0,11,1,0
